row_id,rule_violation
2029,0.3164462097879581
2030,0.4563101376799548
2031,0.6640060486373498
2032,0.635499404500589
2033,0.7673043951409969
2034,0.18760657514249962
2035,0.6547328099001496
2036,0.3779079461330868
2037,0.09914649632189966
2038,0.7200456395350179
